dim,dtype,block_size,threads,mean_numpy,stdev_numpy,mean_numba,stdev_numba,mean_cython,stdev_cython,speedup_numba,speedup_cython,all_close
64,float32,16,1,5.5191805586218834e-05,1.913045154299695e-06,5.628319922834635e-05,6.177688228090411e-07,3.116261214017868e-05,1.4016712046235374e-06,0.9806088911595159,1.771090476560492,True
128,float32,16,8,0.00031102471984922886,0.00030413694451814457,0.0006097165867686271,0.0007886358417598303,0.010158612462691962,0.021862530727537546,0.5101135947401334,0.030616850577919325,True
256,float32,32,2,0.0028380500036291776,0.0026507969232988722,0.023518941714428365,0.03339883780517225,0.000592404103372246,0.0001909603006078182,0.12067082091062349,4.790733196265263,True
400,float32,16,1,0.004192908271215856,0.002323487506381829,0.02467172082979232,0.026106216653072962,0.021612937608733774,0.02241702879295097,0.16994794567198215,0.19399992481917425,True
512,float32,32,4,0.008438595698680728,0.0037113763976263582,0.015243183297570795,0.014661923619007214,0.017381954286247493,0.02783445245533882,0.553597994194922,0.4854802607182841,True
768,float32,64,1,0.020770174940116702,0.004409578717583498,0.019729979103431106,0.013447491504502732,0.01987617511767894,0.020816853381986713,1.0527215883621845,1.0449784637710597,True
1024,float32,8,4,0.03719537921715528,0.00793091838073478,0.03604158308589831,0.011184088849844722,0.028407595900353043,0.0064676188485166585,1.0320129148741084,1.3093462518837444,True
