dim,dtype,block_size,threads,mean_numpy,stdev_numpy,mean_numba,stdev_numba,mean_cython,stdev_cython,speedup_numba,speedup_cython,all_close
64,float32,16,1,5.340399220585823e-05,2.4124201785361483e-06,5.130431381985545e-05,3.1525203443979674e-06,4.450440173968673e-05,2.680464095421896e-07,1.0409259617695183,1.199971016759794,True
128,float32,16,1,0.0006228792946785689,0.0009868015897388017,0.007853670907206834,0.003974971974629809,0.027499645680654793,0.02783705033988624,0.07931059272002225,0.022650448006199093,True
256,float32,8,4,0.0016269834130071103,0.0011561794258795317,0.0018159541767090559,0.002835052156436787,0.0010369039955548942,0.0005283336575007034,0.8959385836241717,1.569078159580664,True
400,float32,32,1,0.004676345502957702,0.001969363799113375,0.014418674912303687,0.021659970355300602,0.010759229399263858,0.02177082790587123,0.3243256076858561,0.43463572802692124,True
512,float32,8,1,0.008043749816715717,0.002892602525315554,0.0116212542867288,0.021024496902322633,0.0054485249915160235,0.0059773900557442364,0.6921584898027308,1.476316953531599,True
768,float32,16,8,0.04207537489710376,0.016963818690394445,0.05367459988920018,0.02952854591781949,0.04544603750109673,0.026073234610701542,0.783897317985778,0.9258315402324873,True
1024,float32,32,8,0.04258558340370655,0.009679750047928736,0.04664938339265064,0.01541092984627253,0.0383013374870643,0.014558358527710088,0.9128863085983615,1.1118563005296926,True
